{
  "todos": [
    {
      "title": "ㅁㄴㅇㄹ11",
      "id": 3
    },
    {
      "title": "ㅁㄴㅇㅁㄴㅇㅁㄴㅇ",
      "id": 5
    },
    {
      "title": "ㅁㄴㅇㅁㄴㅇㅁㄴㅇ",
      "id": 6
    },
    {
      "title": "ㅁㄴㅇㅁㄴㅇㅁㄴㅇ",
      "id": 7
    },
    {
      "title": "ㅁㄴㅇㅁㄴㅇㅁㄴㅇ",
      "id": 8
    },
    {
      "title": "123123",
      "id": 9
    },
    {
      "title": "12312322",
      "id": 10
    },
    {
      "title": "111",
      "id": 11
    },
    {
      "title": "111222",
      "id": 12
    },
    {
      "title": "1112223344",
      "id": 13
    },
    {
      "title": "1111",
      "id": 14
    },
    {
      "title": "1111222",
      "id": 15
    },
    {
      "title": "1111222333",
      "id": 16
    },
    {
      "title": "1111222333444",
      "id": 17
    },
    {
      "title": "11112223334445555",
      "id": 18
    },
    {
      "title": "",
      "id": 19
    }
  ]
}